,0
0,https://www.facebook.com/profile.php?id=100081079387920
1,https://www.facebook.com/profile.php?id=100088807901230
2,https://www.facebook.com/profile.php?id=100059850281510
3,https://www.facebook.com/profile.php?id=100084533141879
4,https://www.facebook.com/profile.php?id=100088129758744
5,https://www.facebook.com/vien.lesinh.3
6,https://www.facebook.com/profile.php?id=100071338903768
7,https://www.facebook.com/profile.php?id=100095318539348
8,https://www.facebook.com/profile.php?id=100058312930461
9,https://www.facebook.com/profile.php?id=100086154705517
10,https://www.facebook.com/profile.php?id=100094158433322
11,https://www.facebook.com/profile.php?id=100093604746514
12,https://www.facebook.com/profile.php?id=100093434710364
13,https://www.facebook.com/profile.php?id=100092725732662
14,https://www.facebook.com/profile.php?id=100092291003966
15,https://www.facebook.com/profile.php?id=100090741570097
16,https://www.facebook.com/thanhtruc22023
17,https://www.facebook.com/profile.php?id=100084280802756
18,https://www.facebook.com/profile.php?id=100083463199247
19,https://www.facebook.com/profile.php?id=100079234116909
20,https://www.facebook.com/profile.php?id=100074946630084
21,https://www.facebook.com/profile.php?id=100073345831049
22,https://www.facebook.com/profile.php?id=100071838585888
23,https://www.facebook.com/profile.php?id=100065294730390
24,https://www.facebook.com/Lynhhchuche
25,https://www.facebook.com/profile.php?id=100044097634208
26,https://www.facebook.com/chapnhan.sotiep
27,https://www.facebook.com/baoanh.le.3939503
28,https://www.facebook.com/thanhnga.240
