,url
0,https://www.facebook.com/haithuvinh.nhunhi
1,https://www.facebook.com/fear.xu
2,https://www.facebook.com/lyly.ha.3348
3,https://www.facebook.com/profile.php?id=100086666434667
4,https://www.facebook.com/long.mountain.7
5,https://www.facebook.com/profile.php?id=100079541096089
6,https://www.facebook.com/thanhbinh223
7,https://www.facebook.com/johny.nguyen.908
8,https://www.facebook.com/profile.php?id=100083222201392
9,https://www.facebook.com/vi.tran.3975
10,https://www.facebook.com/giang.to.39
11,https://www.facebook.com/tanquoc.ho.16
12,https://www.facebook.com/profile.php?id=100008663853654
13,https://www.facebook.com/profile.php?id=100004411036631
14,https://www.facebook.com/profile.php?id=100003704050443
15,https://www.facebook.com/profile.php?id=100048934893773
16,https://www.facebook.com/huyenkakaa
17,https://www.facebook.com/ngocamlai
18,https://www.facebook.com/lk.duy.37

