user_link,fanpage
https://www.facebook.com/profile.php?id=100050341003982&,Đoàn trường THPT A Lưới 
https://www.facebook.com/minhanh.lehoang.94?,Đoàn trường THPT A Lưới 
https://www.facebook.com/lam.tranxuan.7921?,Đoàn trường THPT A Lưới 
https://www.facebook.com/dien.ho.79274?,Đoàn trường THPT A Lưới 
https://www.facebook.com/profile.php?id=61551888808961&,Đoàn trường THPT A Lưới 
https://www.facebook.com/profile.php?id=100075428140008&,Đoàn trường THPT A Lưới 
https://www.facebook.com/profile.php?id=100052136735678&,Đoàn trường THPT A Lưới 
https://www.facebook.com/profile.php?id=100000277140487&,Đoàn trường THPT A Lưới 
https://www.facebook.com/tuyettrinh.hongoc.52?,Đoàn trường THPT A Lưới 
https://www.facebook.com/profile.php?id=100062224224170&,Đoàn trường THPT A Lưới 
https://www.facebook.com/profile.php?id=100025200334853&,Đoàn trường THPT A Lưới 
https://www.facebook.com/profile.php?id=100030050881547&,Đoàn trường THPT A Lưới 
https://www.facebook.com/profile.php?id=100077292540607&,Đoàn trường THPT A Lưới 
https://www.facebook.com/t.zuyn?,Đoàn trường THPT A Lưới 
https://www.facebook.com/profile.php?id=100007928593505&,Đoàn trường THPT A Lưới 
https://www.facebook.com/lieu.lethi.319452?,Đoàn trường THPT A Lưới 
https://www.facebook.com/sunuzzzz?,Đoàn trường THPT A Lưới 
https://www.facebook.com/profile.php?id=100080742701756&,Đoàn trường THPT A Lưới 
https://www.facebook.com/aranwf?,Đoàn trường THPT A Lưới 
https://www.facebook.com/kelvinkhanh2k?,Đoàn trường THPT A Lưới 
https://www.facebook.com/profile.php?id=100082332601818&,Đoàn trường THPT A Lưới 
https://www.facebook.com/profile.php?id=100084404898135&,Đoàn trường THPT A Lưới 
https://www.facebook.com/profile.php?id=100091813801886&,Đoàn trường THPT A Lưới 
https://www.facebook.com/ungtaigi4?,Đoàn trường THPT A Lưới 
https://www.facebook.com/huynh.be.714?,Đoàn trường THPT A Lưới 
https://www.facebook.com/profile.php?id=61552219496160&,Đoàn trường THPT A Lưới 
https://www.facebook.com/profile.php?id=100043496376877&,Đoàn trường THPT A Lưới 
https://www.facebook.com/profile.php?id=100075203839828&,Đoàn trường THPT A Lưới 
https://www.facebook.com/honglinh.nguyen.5815?,Đoàn trường THPT A Lưới 
https://www.facebook.com/profile.php?id=100086576145257&,Đoàn trường THPT A Lưới 
https://www.facebook.com/ngoc.my.1884?,Đoàn trường THPT A Lưới 
https://www.facebook.com/profile.php?id=100049351862968&,Đoàn trường THPT A Lưới 
https://www.facebook.com/profile.php?id=100009405180337&,Đoàn trường THPT A Lưới 
https://www.facebook.com/ShipPuns?,Đoàn trường THPT A Lưới 
https://www.facebook.com/sinhhotboys?,Đoàn trường THPT A Lưới 
https://www.facebook.com/kimluyen.hothi.1?,Đoàn trường THPT A Lưới 
https://www.facebook.com/profile.php?id=100091425164269&,Đoàn trường THPT A Lưới 
https://www.facebook.com/profile.php?id=61550936776001&,Đoàn trường THPT A Lưới 
https://www.facebook.com/dieuhuyenz12345?,Đoàn trường THPT A Lưới 
https://www.facebook.com/profile.php?id=100048638615620&,Đoàn trường THPT A Lưới 
https://www.facebook.com/quyen.quoc.1232?,Đoàn trường THPT A Lưới 
https://www.facebook.com/profile.php?id=100005611338608&,Đoàn trường THPT A Lưới 
https://www.facebook.com/anhda.nhanra?,Đoàn trường THPT A Lưới 
https://www.facebook.com/nghi.tay.35?,Đoàn trường THPT A Lưới 
https://www.facebook.com/hathu.vu.98?,Đoàn trường THPT A Lưới 
https://www.facebook.com/phuochoaivu.bui?,Đoàn trường THPT A Lưới 
https://www.facebook.com/profile.php?id=100015430590520&,Đoàn trường THPT A Lưới 
https://www.facebook.com/profile.php?id=100088430720935&,Đoàn trường THPT A Lưới 
https://www.facebook.com/profile.php?id=100023520968875&,Đoàn trường THPT A Lưới 
https://www.facebook.com/profile.php?id=100025089886051&,Đoàn trường THPT A Lưới 
https://www.facebook.com/profile.php?id=100055032660545&,Đoàn trường THPT A Lưới 
https://www.facebook.com/cong.ton.186590?,Đoàn trường THPT A Lưới 
https://www.facebook.com/profile.php?id=100070390266056&,Đoàn trường THPT A Lưới 
https://www.facebook.com/profile.php?id=100082083192925&,Đoàn trường THPT A Lưới 
https://www.facebook.com/profile.php?id=100052694449355&,Đoàn trường THPT A Lưới 
https://www.facebook.com/profile.php?id=100023965756642&,Đoàn trường THPT A Lưới 
https://www.facebook.com/nguyenthi.no.334839?,Đoàn trường THPT A Lưới 
https://www.facebook.com/trinh.nguyenngoc.9028?,Đoàn trường THPT A Lưới 
https://www.facebook.com/profile.php?id=100089746826293&,Đoàn trường THPT A Lưới 
https://www.facebook.com/profile.php?id=100075341791707&,Đoàn trường THPT A Lưới 
https://www.facebook.com/truonganhnguyet1011?,Đoàn trường THPT A Lưới 
https://www.facebook.com/profile.php?id=100084144864498&,Đoàn trường THPT A Lưới 
https://www.facebook.com/profile.php?id=100033883561563&,Đoàn trường THPT A Lưới 
https://www.facebook.com/profile.php?id=100048943455883&,Đoàn trường THPT A Lưới 
https://www.facebook.com/hnhs0907?,Đoàn trường THPT A Lưới 
https://www.facebook.com/truong.vanh.18?,Đoàn trường THPT A Lưới 
https://www.facebook.com/profile.php?id=100085687596486&,Đoàn trường THPT A Lưới 
https://www.facebook.com/hothidiuhuong28042006?,Đoàn trường THPT A Lưới 
https://www.facebook.com/trungtamxkldhueicsakicohue?,Đoàn trường THPT A Lưới 
https://www.facebook.com/profile.php?id=100079283385693&,Đoàn trường THPT A Lưới 
https://www.facebook.com/ly.duonghong.902?,Đoàn trường THPT A Lưới 
https://www.facebook.com/hue.hoang.54584982?,Đoàn trường THPT A Lưới 
https://www.facebook.com/rykiemkhach2202?,Đoàn trường THPT A Lưới 
https://www.facebook.com/nhuthuan.tran.75?,Đoàn trường THPT A Lưới 
https://www.facebook.com/hienthu.le.716?,Đoàn trường THPT A Lưới 
https://www.facebook.com/ht.tuyet.147?,Đoàn trường THPT A Lưới 
https://www.facebook.com/thang.hodinh.5205?,Đoàn trường THPT A Lưới 
https://www.facebook.com/280107ldl?,Đoàn trường THPT A Lưới 
https://www.facebook.com/profile.php?id=100080231406837&,Đoàn trường THPT A Lưới 
https://www.facebook.com/chung.ong.758737?,Đoàn trường THPT A Lưới 
https://www.facebook.com/thanh.tamidol.969?,Đoàn trường THPT A Lưới 
https://www.facebook.com/profile.php?id=100050572113096&,Đoàn trường THPT A Lưới 
https://www.facebook.com/tu.hothien.3998?,Đoàn trường THPT A Lưới 
https://www.facebook.com/KhongaiyeuLevibangemdau?,Đoàn trường THPT A Lưới 
https://www.facebook.com/profile.php?id=100071432966961&,Đoàn trường THPT A Lưới 
https://www.facebook.com/profile.php?id=100088241863875&,Đoàn trường THPT A Lưới 
https://www.facebook.com/chau.tongochoang?,Đoàn trường THPT A Lưới 
https://www.facebook.com/profile.php?id=100067568807100&,Đoàn trường THPT A Lưới 
https://www.facebook.com/profile.php?id=100081065052463&,Đoàn trường THPT A Lưới 
https://www.facebook.com/02th205?,Đoàn trường THPT A Lưới 
https://www.facebook.com/vanbaodacovo?,Đoàn trường THPT A Lưới 
https://www.facebook.com/ha.deng.35?,Đoàn trường THPT A Lưới 
https://www.facebook.com/duyen.gia.1042?,Đoàn trường THPT A Lưới 
https://www.facebook.com/tue.vienxuantue?,Đoàn trường THPT A Lưới 
https://www.facebook.com/profile.php?id=100023932721369&,Đoàn trường THPT A Lưới 
https://www.facebook.com/vubanh2002?,Đoàn trường THPT A Lưới 
https://www.facebook.com/khanhvy.phan?,Đoàn trường THPT A Lưới 
https://www.facebook.com/longdecal204?,Đoàn trường THPT A Lưới 
https://www.facebook.com/profile.php?id=100080555385795&,Đoàn trường THPT A Lưới 
https://www.facebook.com/ok.thao.9883?,Đoàn trường THPT A Lưới 
https://www.facebook.com/VuQuangTuyen2k3?,Đoàn trường THPT A Lưới 
https://www.facebook.com/profile.php?id=100086563928981&,Đoàn trường THPT A Lưới 
https://www.facebook.com/ngan.ldol.98?,Đoàn trường THPT A Lưới 
https://www.facebook.com/thidanh.ho.98?,Đoàn trường THPT A Lưới 
https://www.facebook.com/HuongQuynh17042003?,Đoàn trường THPT A Lưới 
https://www.facebook.com/profile.php?id=100027005505196&,Đoàn trường THPT A Lưới 
https://www.facebook.com/profile.php?id=100061737069392&,Đoàn trường THPT A Lưới 
https://www.facebook.com/holenghiepphong?,Đoàn trường THPT A Lưới 
https://www.facebook.com/profile.php?id=100005455178225&,Đoàn trường THPT A Lưới 
https://www.facebook.com/profile.php?id=100031496161050&,Đoàn trường THPT A Lưới 
https://www.facebook.com/trinhlevelmax102?,Đoàn trường THPT A Lưới 
https://www.facebook.com/profile.php?id=100090842919172&,Đoàn trường THPT A Lưới 
https://www.facebook.com/profile.php?id=100033056076389&,Đoàn trường THPT A Lưới 
https://www.facebook.com/profile.php?id=100095540953814&,Đoàn trường THPT A Lưới 
https://www.facebook.com/boconganhgdtc?,Đoàn trường THPT A Lưới 
https://www.facebook.com/iam.lena0053?,Đoàn trường THPT A Lưới 
https://www.facebook.com/aikaka18052007?,Đoàn trường THPT A Lưới 
https://www.facebook.com/ngocphy.vienthi?,Đoàn trường THPT A Lưới 
https://www.facebook.com/profile.php?id=100030061344318&,Đoàn trường THPT A Lưới 
https://www.facebook.com/profile.php?id=100057327005344&,Đoàn trường THPT A Lưới 
https://www.facebook.com/profile.php?id=100028596634314&,Đoàn trường THPT A Lưới 
https://www.facebook.com/tam.dang.3511041?,Đoàn trường THPT A Lưới 
https://www.facebook.com/tuyet.cute2002?,Đoàn trường THPT A Lưới 
https://www.facebook.com/profile.php?id=100075474760396&,Đoàn trường THPT A Lưới 
https://www.facebook.com/duongphuongbaccc?,Đoàn trường THPT A Lưới 
https://www.facebook.com/profile.php?id=100086853906687&,Đoàn trường THPT A Lưới 
https://www.facebook.com/loan.ht.505?,Đoàn trường THPT A Lưới 
https://www.facebook.com/tuaan.laam.3?,Đoàn trường THPT A Lưới 
https://www.facebook.com/hong.nguyenthithanh.5817?,Đoàn trường THPT A Lưới 
https://www.facebook.com/profile.php?id=100079151143616&,Đoàn trường THPT A Lưới 
https://www.facebook.com/profile.php?id=100008660352834&,Đoàn trường THPT A Lưới 
https://www.facebook.com/durian.thien?,Đoàn trường THPT A Lưới 
https://www.facebook.com/profile.php?id=100088344240693&,Đoàn trường THPT A Lưới 
https://www.facebook.com/profile.php?id=100008783476109&,Đoàn trường THPT A Lưới 
https://www.facebook.com/hung.hoang.77985741?,Đoàn trường THPT A Lưới 
https://www.facebook.com/thile.hai.16?,Đoàn trường THPT A Lưới 
https://www.facebook.com/lyyl.naash?,Đoàn trường THPT A Lưới 
https://www.facebook.com/angel.cry.714?,Đoàn trường THPT A Lưới 
https://www.facebook.com/tomboy.horizone?,Đoàn trường THPT A Lưới 
https://www.facebook.com/congthanh240592?,Đoàn trường THPT A Lưới 
https://www.facebook.com/profile.php?id=100063823419137&,Đoàn trường THPT A Lưới 
https://www.facebook.com/linhebecutexinhgai?,Đoàn trường THPT A Lưới 
https://www.facebook.com/profile.php?id=100042121874023&,Đoàn trường THPT A Lưới 
https://www.facebook.com/profile.php?id=100005275113184&,Đoàn trường THPT A Lưới 
https://www.facebook.com/gay.be.372019?,Đoàn trường THPT A Lưới 
https://www.facebook.com/profile.php?id=100069324763564&,Đoàn trường THPT A Lưới 
https://www.facebook.com/ly.khanh.319247?,Đoàn trường THPT A Lưới 
https://www.facebook.com/minh.la.nnhi?,Đoàn trường THPT A Lưới 
https://www.facebook.com/thienha.dai.1?,Đoàn trường THPT A Lưới 
https://www.facebook.com/profile.php?id=100065242172002&,Đoàn trường THPT A Lưới 
https://www.facebook.com/khanhly.le.589?,Đoàn trường THPT A Lưới 
https://www.facebook.com/profile.php?id=100085375239878&,Đoàn trường THPT A Lưới 
https://www.facebook.com/profile.php?id=100009268510466&,Đoàn trường THPT A Lưới 
https://www.facebook.com/profile.php?id=100077485805711&,Đoàn trường THPT A Lưới 
https://www.facebook.com/profile.php?id=100012532389678&,Đoàn trường THPT A Lưới 
https://www.facebook.com/ngocbinh24?,Đoàn trường THPT A Lưới 
https://www.facebook.com/profile.php?id=100075926757330&,Đoàn trường THPT A Lưới 
https://www.facebook.com/profile.php?id=100014877064480&,Đoàn trường THPT A Lưới 
https://www.facebook.com/profile.php?id=100094784367157&,Đoàn trường THPT A Lưới 
https://www.facebook.com/thanhhhaa.05?,Đoàn trường THPT A Lưới 
https://www.facebook.com/profile.php?id=100008337647484&,Đoàn trường THPT A Lưới 
https://www.facebook.com/profile.php?id=100045999384089&,Đoàn trường THPT A Lưới 
https://www.facebook.com/mcnhuhuy?,Đoàn trường THPT A Lưới 
https://www.facebook.com/tuiiuban3000?,Đoàn trường THPT A Lưới 
https://www.facebook.com/profile.php?id=100079862663833&,Đoàn trường THPT A Lưới 
https://www.facebook.com/profile.php?id=100045186974017&,Đoàn trường THPT A Lưới 
https://www.facebook.com/truc.hothithanh.96?,Đoàn trường THPT A Lưới 
https://www.facebook.com/nhathm192?,Đoàn trường THPT A Lưới 
https://www.facebook.com/gai.aluoi?,Đoàn trường THPT A Lưới 
https://www.facebook.com/long.minh.714?,Đoàn trường THPT A Lưới 
https://www.facebook.com/profile.php?id=100029172366333&,Đoàn trường THPT A Lưới 
https://www.facebook.com/profile.php?id=100007077246005&,Đoàn trường THPT A Lưới 
https://www.facebook.com/baodinh.vu.906?,Đoàn trường THPT A Lưới 
https://www.facebook.com/11phuongdz?,Đoàn trường THPT A Lưới 
https://www.facebook.com/quyen.hac.73?,Đoàn trường THPT A Lưới 
https://www.facebook.com/munn.98?,Đoàn trường THPT A Lưới 
https://www.facebook.com/sabrina.bui.716?,Đoàn trường THPT A Lưới 
https://www.facebook.com/profile.php?id=100084915495951&,Đoàn trường THPT A Lưới 
https://www.facebook.com/lancutedangiuu?,Đoàn trường THPT A Lưới 
https://www.facebook.com/profile.php?id=100004107322196&,Đoàn trường THPT A Lưới 
https://www.facebook.com/hiemho.ho?,Đoàn trường THPT A Lưới 
https://www.facebook.com/profile.php?id=100069865950637&,Đoàn trường THPT A Lưới 
https://www.facebook.com/nghia.ngoc.35513800?,Đoàn trường THPT A Lưới 
https://www.facebook.com/khanhhoa.truong.33?,Đoàn trường THPT A Lưới 
https://www.facebook.com/baoanzz?,Đoàn trường THPT A Lưới 
https://www.facebook.com/profile.php?id=100078275754430&,Đoàn trường THPT A Lưới 
https://www.facebook.com/profile.php?id=100082108667925&,Đoàn trường THPT A Lưới 
https://www.facebook.com/mcnhuhuy?,Đoàn trường THPT A Lưới 
https://www.facebook.com/tgiang1080?,Đoàn trường THPT A Lưới 
https://www.facebook.com/congthanh240592?,Đoàn trường THPT A Lưới 
https://www.facebook.com/ha.deng.35?,Đoàn trường THPT A Lưới 
https://www.facebook.com/profile.php?id=100008537175305&,Đoàn trường THPT A Lưới 
https://www.facebook.com/profile.php?id=100079326133261&,Đoàn trường THPT A Lưới 
https://www.facebook.com/vietnhat.phannguyen?,Đoàn trường THPT A Lưới 
https://www.facebook.com/profile.php?id=100058197167722&,Đoàn trường THPT A Lưới 
https://www.facebook.com/them.le.79230305?,Đoàn trường THPT A Lưới 
https://www.facebook.com/han.hothi.965?,Đoàn trường THPT A Lưới 
https://www.facebook.com/profile.php?id=100065180042450&,Đoàn trường THPT A Lưới 
https://www.facebook.com/profile.php?id=100084404898135&,Đoàn trường THPT A Lưới 
https://www.facebook.com/thvan.184?,Đoàn trường THPT A Lưới 
https://www.facebook.com/sunuzzzz?,Đoàn trường THPT A Lưới 
https://www.facebook.com/profile.php?id=100055032660545&,Đoàn trường THPT A Lưới 
https://www.facebook.com/nhuthuan.tran.75?,Đoàn trường THPT A Lưới 
https://www.facebook.com/profile.php?id=100042121874023&,Đoàn trường THPT A Lưới 
https://www.facebook.com/nghia.ngoc.35513800?,Đoàn trường THPT A Lưới 
https://www.facebook.com/nguyen.euro.79?,Đoàn trường THPT A Lưới 
https://www.facebook.com/profile.php?id=100083811292803&,Đoàn trường THPT A Lưới 
https://www.facebook.com/thile.hai.16?,Đoàn trường THPT A Lưới 
https://www.facebook.com/profile.php?id=100033056076389&,Đoàn trường THPT A Lưới 
https://www.facebook.com/profile.php?id=100038470278307&,Đoàn trường THPT A Lưới 
https://www.facebook.com/phuochoaivu.bui?,Đoàn trường THPT A Lưới 
https://www.facebook.com/profile.php?id=100015430590520&,Đoàn trường THPT A Lưới 
https://www.facebook.com/profile.php?id=100075657457547&,Đoàn trường THPT A Lưới 
https://www.facebook.com/profile.php?id=100005611338608&,Đoàn trường THPT A Lưới 
https://www.facebook.com/iam.lena0053?,Đoàn trường THPT A Lưới 
https://www.facebook.com/profile.php?id=100046603401822&,Đoàn trường THPT A Lưới 
https://www.facebook.com/nguyen.ronaldo.528316?,Đoàn trường THPT A Lưới 
https://www.facebook.com/profile.php?id=100048638615620&,Đoàn trường THPT A Lưới 
https://www.facebook.com/ALUOITRAVELING?,Đoàn trường THPT A Lưới 
https://www.facebook.com/profile.php?id=100069443411502&,Đoàn trường THPT A Lưới 
https://www.facebook.com/vothithanhhien3018?,Đoàn trường THPT A Lưới 
https://www.facebook.com/profile.php?id=100063928531744&,Đoàn trường THPT A Lưới 
https://www.facebook.com/profile.php?id=100061737069392&,Đoàn trường THPT A Lưới 
https://www.facebook.com/profile.php?id=100091953337238&,Đoàn trường THPT A Lưới 
https://www.facebook.com/profile.php?id=100034189187012&,Đoàn trường THPT A Lưới 
https://www.facebook.com/Dj.Joker.377?,Đoàn trường THPT A Lưới 
https://www.facebook.com/profile.php?id=100027627339337&,Đoàn trường THPT A Lưới 
https://www.facebook.com/profile.php?id=100064858340915&,Đoàn trường THPT A Lưới 
https://www.facebook.com/nhat.nguyengk?,Đoàn trường THPT A Lưới 
https://www.facebook.com/profile.php?id=100034703616138&,Đoàn trường THPT A Lưới 
https://www.facebook.com/profile.php?id=100049875833234&,Đoàn trường THPT A Lưới 
https://www.facebook.com/tao.idol.754?,Đoàn trường THPT A Lưới 
https://www.facebook.com/ngan.ldol.98?,Đoàn trường THPT A Lưới 
https://www.facebook.com/btmn19th4?,Đoàn trường THPT A Lưới 
https://www.facebook.com/profile.php?id=100083398425323&,Đoàn trường THPT A Lưới 
https://www.facebook.com/profile.php?id=100094784367157&,Đoàn trường THPT A Lưới 
https://www.facebook.com/profile.php?id=100024529184968&,Đoàn trường THPT A Lưới 
https://www.facebook.com/profile.php?id=100069357293261&,Đoàn trường THPT A Lưới 
https://www.facebook.com/KhongaiyeuLevibangemdau?,Đoàn trường THPT A Lưới 
https://www.facebook.com/profile.php?id=100053134980622&,Đoàn trường THPT A Lưới 
https://www.facebook.com/profile.php?id=100074270092578&,Đoàn trường THPT A Lưới 
https://www.facebook.com/profile.php?id=61551888808961&,Đoàn trường THPT A Lưới 
https://www.facebook.com/profile.php?id=100049867192156&,Đoàn trường THPT A Lưới 
https://www.facebook.com/trann.dimm25?,Đoàn trường THPT A Lưới 
https://www.facebook.com/minhanh.lehoang.94?,Đoàn trường THPT A Lưới 
https://www.facebook.com/profile.php?id=100050015361610&,Đoàn trường THPT A Lưới 
https://www.facebook.com/profile.php?id=100080914430226&,Đoàn trường THPT A Lưới 
https://www.facebook.com/profile.php?id=100056589249305&,Đoàn trường THPT A Lưới 
https://www.facebook.com/profile.php?id=100077668075453&,Đoàn trường THPT A Lưới 
https://www.facebook.com/aranwf?,Đoàn trường THPT A Lưới 
https://www.facebook.com/profile.php?id=100006474503300&,Đoàn trường THPT A Lưới 
https://www.facebook.com/tuuyen.chau.1?,Đoàn trường THPT A Lưới 
https://www.facebook.com/dien.ho.79274?,Đoàn trường THPT A Lưới 
https://www.facebook.com/profile.php?id=100083757907491&,Đoàn trường THPT A Lưới 
https://www.facebook.com/truc.hothithanh.96?,Đoàn trường THPT A Lưới 
https://www.facebook.com/profile.php?id=100077696070024&,Đoàn trường THPT A Lưới 
https://www.facebook.com/profile.php?id=100023520968875&,Đoàn trường THPT A Lưới 
https://www.facebook.com/profile.php?id=100053086980743&,Đoàn trường THPT A Lưới 
https://www.facebook.com/xubikate980601?,Đoàn trường THPT A Lưới 
https://www.facebook.com/boconganhgdtc?,Đoàn trường THPT A Lưới 
https://www.facebook.com/thilanh.ho.98?,Đoàn trường THPT A Lưới 
https://www.facebook.com/thuhang.nguyenthi.5268?,Đoàn trường THPT A Lưới 
https://www.facebook.com/profile.php?id=100049351862968&,Đoàn trường THPT A Lưới 
https://www.facebook.com/thuuthaoocutiiiiis1?,Đoàn trường THPT A Lưới 
https://www.facebook.com/sam.duong.5070276?,Đoàn trường THPT A Lưới 
https://www.facebook.com/profile.php?id=100054517380676&,Đoàn trường THPT A Lưới 
https://www.facebook.com/profile.php?id=61550793230081&,Đoàn trường THPT A Lưới 
https://www.facebook.com/profile.php?id=100078942290699&,Đoàn trường THPT A Lưới 
https://www.facebook.com/thanhhhaa.05?,Đoàn trường THPT A Lưới 
https://www.facebook.com/profile.php?id=100090796527803&,Đoàn trường THPT A Lưới 
https://www.facebook.com/tuiiuban3000?,Đoàn trường THPT A Lưới 
https://www.facebook.com/profile.php?id=100008259093096&,Đoàn trường THPT A Lưới 
https://www.facebook.com/ngtoan27?,Đoàn trường THPT A Lưới 
https://www.facebook.com/profile.php?id=100005106588225&,Đoàn trường THPT A Lưới 
https://www.facebook.com/profile.php?id=100079852896159&,Đoàn trường THPT A Lưới 
https://www.facebook.com/hue.hoang.54584982?,Đoàn trường THPT A Lưới 
https://www.facebook.com/HuongQuynh17042003?,Đoàn trường THPT A Lưới 
https://www.facebook.com/profile.php?id=100032479302887&,Đoàn trường THPT A Lưới 
https://www.facebook.com/profile.php?id=100021819872979&,Đoàn trường THPT A Lưới 
https://www.facebook.com/profile.php?id=100078235334119&,Đoàn trường THPT A Lưới 
https://www.facebook.com/lengsong.ho?,Đoàn trường THPT A Lưới 
https://www.facebook.com/kien.tram.925?,Đoàn trường THPT A Lưới 
https://www.facebook.com/84365587113chunghue?,Đoàn trường THPT A Lưới 
https://www.facebook.com/ha.baovy?,Đoàn trường THPT A Lưới 
https://www.facebook.com/huong.thanh.73744801?,Đoàn trường THPT A Lưới 
https://www.facebook.com/profile.php?id=100027696451926&,Đoàn trường THPT A Lưới 
https://www.facebook.com/mailinh.hothi.73?,Đoàn trường THPT A Lưới 
https://www.facebook.com/tue.vienxuantue?,Đoàn trường THPT A Lưới 
https://www.facebook.com/chau.tongochoang?,Đoàn trường THPT A Lưới 
https://www.facebook.com/profile.php?id=100080278014684&,Đoàn trường THPT A Lưới 
https://www.facebook.com/profile.php?id=100053874216270&,Đoàn trường THPT A Lưới 
https://www.facebook.com/ly.khanh.319247?,Đoàn trường THPT A Lưới 
https://www.facebook.com/long.levannguyen?,Đoàn trường THPT A Lưới 
https://www.facebook.com/khanhvy.phan?,Đoàn trường THPT A Lưới 
https://www.facebook.com/nguyenkhac.quang.39?,Đoàn trường THPT A Lưới 
https://www.facebook.com/profile.php?id=100075203839828&,Đoàn trường THPT A Lưới 
https://www.facebook.com/nhuu.senn?,Đoàn trường THPT A Lưới 
https://www.facebook.com/profile.php?id=100045876282527&,Đoàn trường THPT A Lưới 
https://www.facebook.com/linh.tuyet.140?,Đoàn trường THPT A Lưới 
https://www.facebook.com/Thtrinh17.9?,Đoàn trường THPT A Lưới 
https://www.facebook.com/Ngoctoan.Photo?,Đoàn trường THPT A Lưới 
https://www.facebook.com/hothidiuhuong28042006?,Đoàn trường THPT A Lưới 
https://www.facebook.com/sonthuythoi?,Đoàn trường THPT A Lưới 
https://www.facebook.com/hoang.son.5686?,Đoàn trường THPT A Lưới 
https://www.facebook.com/gucci.tai.395?,Đoàn trường THPT A Lưới 
https://www.facebook.com/profile.php?id=100075398155932&,Đoàn trường THPT A Lưới 
https://www.facebook.com/khanhhoa.truong.33?,Đoàn trường THPT A Lưới 
https://www.facebook.com/profile.php?id=61551058735965&,Đoàn trường THPT A Lưới 
https://www.facebook.com/profile.php?id=100082083192925&,Đoàn trường THPT A Lưới 
https://www.facebook.com/ngocbinh24?,Đoàn trường THPT A Lưới 
https://www.facebook.com/sangson.1234?,Đoàn trường THPT A Lưới 
https://www.facebook.com/profile.php?id=100012620177770&,Đoàn trường THPT A Lưới 
https://www.facebook.com/ahot.arieng?,Đoàn trường THPT A Lưới 
https://www.facebook.com/profile.php?id=100050341003982&,Đoàn trường THPT A Lưới 
https://www.facebook.com/minhanh.lehoang.94?,Đoàn trường THPT A Lưới 
https://www.facebook.com/lam.tranxuan.7921?,Đoàn trường THPT A Lưới 
https://www.facebook.com/dien.ho.79274?,Đoàn trường THPT A Lưới 
https://www.facebook.com/profile.php?id=61551888808961&,Đoàn trường THPT A Lưới 
https://www.facebook.com/profile.php?id=100075428140008&,Đoàn trường THPT A Lưới 
https://www.facebook.com/profile.php?id=100052136735678&,Đoàn trường THPT A Lưới 
https://www.facebook.com/profile.php?id=100000277140487&,Đoàn trường THPT A Lưới 
https://www.facebook.com/tuyettrinh.hongoc.52?,Đoàn trường THPT A Lưới 
https://www.facebook.com/profile.php?id=100062224224170&,Đoàn trường THPT A Lưới 
https://www.facebook.com/profile.php?id=100025200334853&,Đoàn trường THPT A Lưới 
https://www.facebook.com/profile.php?id=100030050881547&,Đoàn trường THPT A Lưới 
https://www.facebook.com/profile.php?id=100077292540607&,Đoàn trường THPT A Lưới 
https://www.facebook.com/t.zuyn?,Đoàn trường THPT A Lưới 
https://www.facebook.com/profile.php?id=100007928593505&,Đoàn trường THPT A Lưới 
https://www.facebook.com/lieu.lethi.319452?,Đoàn trường THPT A Lưới 
https://www.facebook.com/sunuzzzz?,Đoàn trường THPT A Lưới 
https://www.facebook.com/profile.php?id=100080742701756&,Đoàn trường THPT A Lưới 
https://www.facebook.com/aranwf?,Đoàn trường THPT A Lưới 
https://www.facebook.com/kelvinkhanh2k?,Đoàn trường THPT A Lưới 
https://www.facebook.com/profile.php?id=100082332601818&,Đoàn trường THPT A Lưới 
https://www.facebook.com/profile.php?id=100084404898135&,Đoàn trường THPT A Lưới 
https://www.facebook.com/profile.php?id=100091813801886&,Đoàn trường THPT A Lưới 
https://www.facebook.com/ungtaigi4?,Đoàn trường THPT A Lưới 
https://www.facebook.com/huynh.be.714?,Đoàn trường THPT A Lưới 
https://www.facebook.com/profile.php?id=61552219496160&,Đoàn trường THPT A Lưới 
https://www.facebook.com/profile.php?id=100043496376877&,Đoàn trường THPT A Lưới 
https://www.facebook.com/profile.php?id=100075203839828&,Đoàn trường THPT A Lưới 
https://www.facebook.com/honglinh.nguyen.5815?,Đoàn trường THPT A Lưới 
https://www.facebook.com/profile.php?id=100086576145257&,Đoàn trường THPT A Lưới 
https://www.facebook.com/ngoc.my.1884?,Đoàn trường THPT A Lưới 
https://www.facebook.com/profile.php?id=100049351862968&,Đoàn trường THPT A Lưới 
https://www.facebook.com/profile.php?id=100009405180337&,Đoàn trường THPT A Lưới 
https://www.facebook.com/ShipPuns?,Đoàn trường THPT A Lưới 
https://www.facebook.com/sinhhotboys?,Đoàn trường THPT A Lưới 
https://www.facebook.com/kimluyen.hothi.1?,Đoàn trường THPT A Lưới 
https://www.facebook.com/profile.php?id=100091425164269&,Đoàn trường THPT A Lưới 
https://www.facebook.com/profile.php?id=61550936776001&,Đoàn trường THPT A Lưới 
https://www.facebook.com/dieuhuyenz12345?,Đoàn trường THPT A Lưới 
https://www.facebook.com/profile.php?id=100048638615620&,Đoàn trường THPT A Lưới 
https://www.facebook.com/quyen.quoc.1232?,Đoàn trường THPT A Lưới 
https://www.facebook.com/profile.php?id=100005611338608&,Đoàn trường THPT A Lưới 
https://www.facebook.com/anhda.nhanra?,Đoàn trường THPT A Lưới 
https://www.facebook.com/nghi.tay.35?,Đoàn trường THPT A Lưới 
https://www.facebook.com/hathu.vu.98?,Đoàn trường THPT A Lưới 
https://www.facebook.com/phuochoaivu.bui?,Đoàn trường THPT A Lưới 
https://www.facebook.com/profile.php?id=100015430590520&,Đoàn trường THPT A Lưới 
https://www.facebook.com/profile.php?id=100088430720935&,Đoàn trường THPT A Lưới 
https://www.facebook.com/profile.php?id=100023520968875&,Đoàn trường THPT A Lưới 
https://www.facebook.com/profile.php?id=100025089886051&,Đoàn trường THPT A Lưới 
https://www.facebook.com/profile.php?id=100055032660545&,Đoàn trường THPT A Lưới 
https://www.facebook.com/cong.ton.186590?,Đoàn trường THPT A Lưới 
https://www.facebook.com/profile.php?id=100070390266056&,Đoàn trường THPT A Lưới 
https://www.facebook.com/profile.php?id=100082083192925&,Đoàn trường THPT A Lưới 
https://www.facebook.com/profile.php?id=100052694449355&,Đoàn trường THPT A Lưới 
https://www.facebook.com/profile.php?id=100023965756642&,Đoàn trường THPT A Lưới 
https://www.facebook.com/nguyenthi.no.334839?,Đoàn trường THPT A Lưới 
https://www.facebook.com/trinh.nguyenngoc.9028?,Đoàn trường THPT A Lưới 
https://www.facebook.com/profile.php?id=100089746826293&,Đoàn trường THPT A Lưới 
https://www.facebook.com/profile.php?id=100075341791707&,Đoàn trường THPT A Lưới 
https://www.facebook.com/truonganhnguyet1011?,Đoàn trường THPT A Lưới 
https://www.facebook.com/profile.php?id=100084144864498&,Đoàn trường THPT A Lưới 
https://www.facebook.com/profile.php?id=100033883561563&,Đoàn trường THPT A Lưới 
https://www.facebook.com/profile.php?id=100048943455883&,Đoàn trường THPT A Lưới 
https://www.facebook.com/hnhs0907?,Đoàn trường THPT A Lưới 
https://www.facebook.com/truong.vanh.18?,Đoàn trường THPT A Lưới 
https://www.facebook.com/profile.php?id=100085687596486&,Đoàn trường THPT A Lưới 
https://www.facebook.com/hothidiuhuong28042006?,Đoàn trường THPT A Lưới 
https://www.facebook.com/trungtamxkldhueicsakicohue?,Đoàn trường THPT A Lưới 
https://www.facebook.com/profile.php?id=100079283385693&,Đoàn trường THPT A Lưới 
https://www.facebook.com/ly.duonghong.902?,Đoàn trường THPT A Lưới 
https://www.facebook.com/hue.hoang.54584982?,Đoàn trường THPT A Lưới 
https://www.facebook.com/rykiemkhach2202?,Đoàn trường THPT A Lưới 
https://www.facebook.com/nhuthuan.tran.75?,Đoàn trường THPT A Lưới 
https://www.facebook.com/hienthu.le.716?,Đoàn trường THPT A Lưới 
https://www.facebook.com/ht.tuyet.147?,Đoàn trường THPT A Lưới 
https://www.facebook.com/thang.hodinh.5205?,Đoàn trường THPT A Lưới 
https://www.facebook.com/280107ldl?,Đoàn trường THPT A Lưới 
https://www.facebook.com/profile.php?id=100080231406837&,Đoàn trường THPT A Lưới 
https://www.facebook.com/chung.ong.758737?,Đoàn trường THPT A Lưới 
https://www.facebook.com/thanh.tamidol.969?,Đoàn trường THPT A Lưới 
https://www.facebook.com/profile.php?id=100050572113096&,Đoàn trường THPT A Lưới 
https://www.facebook.com/tu.hothien.3998?,Đoàn trường THPT A Lưới 
https://www.facebook.com/KhongaiyeuLevibangemdau?,Đoàn trường THPT A Lưới 
https://www.facebook.com/profile.php?id=100071432966961&,Đoàn trường THPT A Lưới 
https://www.facebook.com/profile.php?id=100088241863875&,Đoàn trường THPT A Lưới 
https://www.facebook.com/chau.tongochoang?,Đoàn trường THPT A Lưới 
https://www.facebook.com/profile.php?id=100067568807100&,Đoàn trường THPT A Lưới 
https://www.facebook.com/profile.php?id=100081065052463&,Đoàn trường THPT A Lưới 
https://www.facebook.com/02th205?,Đoàn trường THPT A Lưới 
https://www.facebook.com/vanbaodacovo?,Đoàn trường THPT A Lưới 
https://www.facebook.com/ha.deng.35?,Đoàn trường THPT A Lưới 
https://www.facebook.com/duyen.gia.1042?,Đoàn trường THPT A Lưới 
https://www.facebook.com/tue.vienxuantue?,Đoàn trường THPT A Lưới 
https://www.facebook.com/profile.php?id=100023932721369&,Đoàn trường THPT A Lưới 
https://www.facebook.com/vubanh2002?,Đoàn trường THPT A Lưới 
https://www.facebook.com/khanhvy.phan?,Đoàn trường THPT A Lưới 
https://www.facebook.com/longdecal204?,Đoàn trường THPT A Lưới 
https://www.facebook.com/profile.php?id=100080555385795&,Đoàn trường THPT A Lưới 
https://www.facebook.com/ok.thao.9883?,Đoàn trường THPT A Lưới 
https://www.facebook.com/VuQuangTuyen2k3?,Đoàn trường THPT A Lưới 
https://www.facebook.com/profile.php?id=100086563928981&,Đoàn trường THPT A Lưới 
https://www.facebook.com/ngan.ldol.98?,Đoàn trường THPT A Lưới 
https://www.facebook.com/thidanh.ho.98?,Đoàn trường THPT A Lưới 
https://www.facebook.com/HuongQuynh17042003?,Đoàn trường THPT A Lưới 
https://www.facebook.com/profile.php?id=100027005505196&,Đoàn trường THPT A Lưới 
https://www.facebook.com/profile.php?id=100061737069392&,Đoàn trường THPT A Lưới 
https://www.facebook.com/holenghiepphong?,Đoàn trường THPT A Lưới 
https://www.facebook.com/profile.php?id=100005455178225&,Đoàn trường THPT A Lưới 
https://www.facebook.com/profile.php?id=100031496161050&,Đoàn trường THPT A Lưới 
https://www.facebook.com/trinhlevelmax102?,Đoàn trường THPT A Lưới 
https://www.facebook.com/profile.php?id=100090842919172&,Đoàn trường THPT A Lưới 
https://www.facebook.com/profile.php?id=100033056076389&,Đoàn trường THPT A Lưới 
https://www.facebook.com/profile.php?id=100095540953814&,Đoàn trường THPT A Lưới 
https://www.facebook.com/boconganhgdtc?,Đoàn trường THPT A Lưới 
https://www.facebook.com/iam.lena0053?,Đoàn trường THPT A Lưới 
https://www.facebook.com/aikaka18052007?,Đoàn trường THPT A Lưới 
https://www.facebook.com/ngocphy.vienthi?,Đoàn trường THPT A Lưới 
https://www.facebook.com/profile.php?id=100030061344318&,Đoàn trường THPT A Lưới 
https://www.facebook.com/profile.php?id=100057327005344&,Đoàn trường THPT A Lưới 
https://www.facebook.com/profile.php?id=100028596634314&,Đoàn trường THPT A Lưới 
https://www.facebook.com/tam.dang.3511041?,Đoàn trường THPT A Lưới 
https://www.facebook.com/tuyet.cute2002?,Đoàn trường THPT A Lưới 
https://www.facebook.com/profile.php?id=100075474760396&,Đoàn trường THPT A Lưới 
https://www.facebook.com/duongphuongbaccc?,Đoàn trường THPT A Lưới 
https://www.facebook.com/profile.php?id=100086853906687&,Đoàn trường THPT A Lưới 
https://www.facebook.com/loan.ht.505?,Đoàn trường THPT A Lưới 
https://www.facebook.com/tuaan.laam.3?,Đoàn trường THPT A Lưới 
https://www.facebook.com/hong.nguyenthithanh.5817?,Đoàn trường THPT A Lưới 
https://www.facebook.com/profile.php?id=100079151143616&,Đoàn trường THPT A Lưới 
https://www.facebook.com/profile.php?id=100008660352834&,Đoàn trường THPT A Lưới 
https://www.facebook.com/durian.thien?,Đoàn trường THPT A Lưới 
https://www.facebook.com/profile.php?id=100088344240693&,Đoàn trường THPT A Lưới 
https://www.facebook.com/profile.php?id=100008783476109&,Đoàn trường THPT A Lưới 
https://www.facebook.com/hung.hoang.77985741?,Đoàn trường THPT A Lưới 
https://www.facebook.com/thile.hai.16?,Đoàn trường THPT A Lưới 
https://www.facebook.com/lyyl.naash?,Đoàn trường THPT A Lưới 
https://www.facebook.com/angel.cry.714?,Đoàn trường THPT A Lưới 
https://www.facebook.com/tomboy.horizone?,Đoàn trường THPT A Lưới 
https://www.facebook.com/congthanh240592?,Đoàn trường THPT A Lưới 
https://www.facebook.com/profile.php?id=100063823419137&,Đoàn trường THPT A Lưới 
https://www.facebook.com/linhebecutexinhgai?,Đoàn trường THPT A Lưới 
https://www.facebook.com/profile.php?id=100042121874023&,Đoàn trường THPT A Lưới 
https://www.facebook.com/profile.php?id=100005275113184&,Đoàn trường THPT A Lưới 
https://www.facebook.com/gay.be.372019?,Đoàn trường THPT A Lưới 
https://www.facebook.com/profile.php?id=100069324763564&,Đoàn trường THPT A Lưới 
https://www.facebook.com/ly.khanh.319247?,Đoàn trường THPT A Lưới 
https://www.facebook.com/minh.la.nnhi?,Đoàn trường THPT A Lưới 
https://www.facebook.com/thienha.dai.1?,Đoàn trường THPT A Lưới 
https://www.facebook.com/profile.php?id=100065242172002&,Đoàn trường THPT A Lưới 
https://www.facebook.com/khanhly.le.589?,Đoàn trường THPT A Lưới 
https://www.facebook.com/profile.php?id=100085375239878&,Đoàn trường THPT A Lưới 
https://www.facebook.com/profile.php?id=100009268510466&,Đoàn trường THPT A Lưới 
https://www.facebook.com/profile.php?id=100077485805711&,Đoàn trường THPT A Lưới 
https://www.facebook.com/profile.php?id=100012532389678&,Đoàn trường THPT A Lưới 
https://www.facebook.com/ngocbinh24?,Đoàn trường THPT A Lưới 
https://www.facebook.com/profile.php?id=100075926757330&,Đoàn trường THPT A Lưới 
https://www.facebook.com/profile.php?id=100014877064480&,Đoàn trường THPT A Lưới 
https://www.facebook.com/profile.php?id=100094784367157&,Đoàn trường THPT A Lưới 
https://www.facebook.com/thanhhhaa.05?,Đoàn trường THPT A Lưới 
https://www.facebook.com/profile.php?id=100008337647484&,Đoàn trường THPT A Lưới 
https://www.facebook.com/profile.php?id=100045999384089&,Đoàn trường THPT A Lưới 
https://www.facebook.com/mcnhuhuy?,Đoàn trường THPT A Lưới 
https://www.facebook.com/tuiiuban3000?,Đoàn trường THPT A Lưới 
https://www.facebook.com/profile.php?id=100079862663833&,Đoàn trường THPT A Lưới 
https://www.facebook.com/profile.php?id=100045186974017&,Đoàn trường THPT A Lưới 
https://www.facebook.com/truc.hothithanh.96?,Đoàn trường THPT A Lưới 
https://www.facebook.com/nhathm192?,Đoàn trường THPT A Lưới 
https://www.facebook.com/gai.aluoi?,Đoàn trường THPT A Lưới 
https://www.facebook.com/long.minh.714?,Đoàn trường THPT A Lưới 
https://www.facebook.com/profile.php?id=100029172366333&,Đoàn trường THPT A Lưới 
https://www.facebook.com/profile.php?id=100007077246005&,Đoàn trường THPT A Lưới 
https://www.facebook.com/baodinh.vu.906?,Đoàn trường THPT A Lưới 
https://www.facebook.com/11phuongdz?,Đoàn trường THPT A Lưới 
https://www.facebook.com/quyen.hac.73?,Đoàn trường THPT A Lưới 
https://www.facebook.com/munn.98?,Đoàn trường THPT A Lưới 
https://www.facebook.com/sabrina.bui.716?,Đoàn trường THPT A Lưới 
https://www.facebook.com/profile.php?id=100084915495951&,Đoàn trường THPT A Lưới 
https://www.facebook.com/lancutedangiuu?,Đoàn trường THPT A Lưới 
https://www.facebook.com/profile.php?id=100004107322196&,Đoàn trường THPT A Lưới 
https://www.facebook.com/hiemho.ho?,Đoàn trường THPT A Lưới 
https://www.facebook.com/profile.php?id=100069865950637&,Đoàn trường THPT A Lưới 
https://www.facebook.com/nghia.ngoc.35513800?,Đoàn trường THPT A Lưới 
https://www.facebook.com/khanhhoa.truong.33?,Đoàn trường THPT A Lưới 
https://www.facebook.com/baoanzz?,Đoàn trường THPT A Lưới 
https://www.facebook.com/profile.php?id=100078275754430&,Đoàn trường THPT A Lưới 
https://www.facebook.com/profile.php?id=100082108667925&,Đoàn trường THPT A Lưới 
https://www.facebook.com/mcnhuhuy?,Đoàn trường THPT A Lưới 
https://www.facebook.com/tgiang1080?,Đoàn trường THPT A Lưới 
https://www.facebook.com/congthanh240592?,Đoàn trường THPT A Lưới 
https://www.facebook.com/ha.deng.35?,Đoàn trường THPT A Lưới 
https://www.facebook.com/profile.php?id=100008537175305&,Đoàn trường THPT A Lưới 
https://www.facebook.com/profile.php?id=100079326133261&,Đoàn trường THPT A Lưới 
https://www.facebook.com/vietnhat.phannguyen?,Đoàn trường THPT A Lưới 
https://www.facebook.com/profile.php?id=100058197167722&,Đoàn trường THPT A Lưới 
https://www.facebook.com/them.le.79230305?,Đoàn trường THPT A Lưới 
https://www.facebook.com/han.hothi.965?,Đoàn trường THPT A Lưới 
https://www.facebook.com/profile.php?id=100065180042450&,Đoàn trường THPT A Lưới 
https://www.facebook.com/profile.php?id=100084404898135&,Đoàn trường THPT A Lưới 
https://www.facebook.com/thvan.184?,Đoàn trường THPT A Lưới 
https://www.facebook.com/sunuzzzz?,Đoàn trường THPT A Lưới 
https://www.facebook.com/profile.php?id=100055032660545&,Đoàn trường THPT A Lưới 
https://www.facebook.com/nhuthuan.tran.75?,Đoàn trường THPT A Lưới 
https://www.facebook.com/profile.php?id=100042121874023&,Đoàn trường THPT A Lưới 
https://www.facebook.com/nghia.ngoc.35513800?,Đoàn trường THPT A Lưới 
https://www.facebook.com/nguyen.euro.79?,Đoàn trường THPT A Lưới 
https://www.facebook.com/profile.php?id=100083811292803&,Đoàn trường THPT A Lưới 
https://www.facebook.com/thile.hai.16?,Đoàn trường THPT A Lưới 
https://www.facebook.com/profile.php?id=100033056076389&,Đoàn trường THPT A Lưới 
https://www.facebook.com/profile.php?id=100038470278307&,Đoàn trường THPT A Lưới 
https://www.facebook.com/phuochoaivu.bui?,Đoàn trường THPT A Lưới 
https://www.facebook.com/profile.php?id=100015430590520&,Đoàn trường THPT A Lưới 
https://www.facebook.com/profile.php?id=100075657457547&,Đoàn trường THPT A Lưới 
https://www.facebook.com/profile.php?id=100005611338608&,Đoàn trường THPT A Lưới 
https://www.facebook.com/iam.lena0053?,Đoàn trường THPT A Lưới 
https://www.facebook.com/profile.php?id=100046603401822&,Đoàn trường THPT A Lưới 
https://www.facebook.com/nguyen.ronaldo.528316?,Đoàn trường THPT A Lưới 
https://www.facebook.com/profile.php?id=100048638615620&,Đoàn trường THPT A Lưới 
https://www.facebook.com/ALUOITRAVELING?,Đoàn trường THPT A Lưới 
https://www.facebook.com/profile.php?id=100069443411502&,Đoàn trường THPT A Lưới 
https://www.facebook.com/vothithanhhien3018?,Đoàn trường THPT A Lưới 
https://www.facebook.com/profile.php?id=100063928531744&,Đoàn trường THPT A Lưới 
https://www.facebook.com/profile.php?id=100061737069392&,Đoàn trường THPT A Lưới 
https://www.facebook.com/profile.php?id=100091953337238&,Đoàn trường THPT A Lưới 
https://www.facebook.com/profile.php?id=100034189187012&,Đoàn trường THPT A Lưới 
https://www.facebook.com/Dj.Joker.377?,Đoàn trường THPT A Lưới 
https://www.facebook.com/profile.php?id=100027627339337&,Đoàn trường THPT A Lưới 
https://www.facebook.com/profile.php?id=100064858340915&,Đoàn trường THPT A Lưới 
https://www.facebook.com/nhat.nguyengk?,Đoàn trường THPT A Lưới 
https://www.facebook.com/profile.php?id=100034703616138&,Đoàn trường THPT A Lưới 
https://www.facebook.com/profile.php?id=100049875833234&,Đoàn trường THPT A Lưới 
https://www.facebook.com/tao.idol.754?,Đoàn trường THPT A Lưới 
https://www.facebook.com/ngan.ldol.98?,Đoàn trường THPT A Lưới 
https://www.facebook.com/btmn19th4?,Đoàn trường THPT A Lưới 
https://www.facebook.com/profile.php?id=100083398425323&,Đoàn trường THPT A Lưới 
https://www.facebook.com/profile.php?id=100094784367157&,Đoàn trường THPT A Lưới 
https://www.facebook.com/profile.php?id=100024529184968&,Đoàn trường THPT A Lưới 
https://www.facebook.com/profile.php?id=100069357293261&,Đoàn trường THPT A Lưới 
https://www.facebook.com/KhongaiyeuLevibangemdau?,Đoàn trường THPT A Lưới 
https://www.facebook.com/profile.php?id=100053134980622&,Đoàn trường THPT A Lưới 
https://www.facebook.com/profile.php?id=100074270092578&,Đoàn trường THPT A Lưới 
https://www.facebook.com/profile.php?id=61551888808961&,Đoàn trường THPT A Lưới 
https://www.facebook.com/profile.php?id=100049867192156&,Đoàn trường THPT A Lưới 
https://www.facebook.com/trann.dimm25?,Đoàn trường THPT A Lưới 
https://www.facebook.com/minhanh.lehoang.94?,Đoàn trường THPT A Lưới 
https://www.facebook.com/profile.php?id=100050015361610&,Đoàn trường THPT A Lưới 
https://www.facebook.com/profile.php?id=100080914430226&,Đoàn trường THPT A Lưới 
https://www.facebook.com/profile.php?id=100056589249305&,Đoàn trường THPT A Lưới 
https://www.facebook.com/profile.php?id=100077668075453&,Đoàn trường THPT A Lưới 
https://www.facebook.com/aranwf?,Đoàn trường THPT A Lưới 
https://www.facebook.com/profile.php?id=100006474503300&,Đoàn trường THPT A Lưới 
https://www.facebook.com/tuuyen.chau.1?,Đoàn trường THPT A Lưới 
https://www.facebook.com/dien.ho.79274?,Đoàn trường THPT A Lưới 
https://www.facebook.com/profile.php?id=100083757907491&,Đoàn trường THPT A Lưới 
https://www.facebook.com/truc.hothithanh.96?,Đoàn trường THPT A Lưới 
https://www.facebook.com/profile.php?id=100077696070024&,Đoàn trường THPT A Lưới 
https://www.facebook.com/profile.php?id=100023520968875&,Đoàn trường THPT A Lưới 
https://www.facebook.com/profile.php?id=100053086980743&,Đoàn trường THPT A Lưới 
https://www.facebook.com/xubikate980601?,Đoàn trường THPT A Lưới 
https://www.facebook.com/boconganhgdtc?,Đoàn trường THPT A Lưới 
https://www.facebook.com/thilanh.ho.98?,Đoàn trường THPT A Lưới 
https://www.facebook.com/thuhang.nguyenthi.5268?,Đoàn trường THPT A Lưới 
https://www.facebook.com/profile.php?id=100049351862968&,Đoàn trường THPT A Lưới 
https://www.facebook.com/thuuthaoocutiiiiis1?,Đoàn trường THPT A Lưới 
https://www.facebook.com/sam.duong.5070276?,Đoàn trường THPT A Lưới 
https://www.facebook.com/profile.php?id=100054517380676&,Đoàn trường THPT A Lưới 
https://www.facebook.com/profile.php?id=61550793230081&,Đoàn trường THPT A Lưới 
https://www.facebook.com/profile.php?id=100078942290699&,Đoàn trường THPT A Lưới 
https://www.facebook.com/thanhhhaa.05?,Đoàn trường THPT A Lưới 
https://www.facebook.com/profile.php?id=100090796527803&,Đoàn trường THPT A Lưới 
https://www.facebook.com/tuiiuban3000?,Đoàn trường THPT A Lưới 
https://www.facebook.com/profile.php?id=100008259093096&,Đoàn trường THPT A Lưới 
https://www.facebook.com/ngtoan27?,Đoàn trường THPT A Lưới 
https://www.facebook.com/profile.php?id=100005106588225&,Đoàn trường THPT A Lưới 
https://www.facebook.com/profile.php?id=100079852896159&,Đoàn trường THPT A Lưới 
https://www.facebook.com/hue.hoang.54584982?,Đoàn trường THPT A Lưới 
https://www.facebook.com/HuongQuynh17042003?,Đoàn trường THPT A Lưới 
https://www.facebook.com/profile.php?id=100032479302887&,Đoàn trường THPT A Lưới 
https://www.facebook.com/profile.php?id=100021819872979&,Đoàn trường THPT A Lưới 
https://www.facebook.com/profile.php?id=100078235334119&,Đoàn trường THPT A Lưới 
https://www.facebook.com/lengsong.ho?,Đoàn trường THPT A Lưới 
https://www.facebook.com/kien.tram.925?,Đoàn trường THPT A Lưới 
https://www.facebook.com/84365587113chunghue?,Đoàn trường THPT A Lưới 
https://www.facebook.com/ha.baovy?,Đoàn trường THPT A Lưới 
https://www.facebook.com/huong.thanh.73744801?,Đoàn trường THPT A Lưới 
https://www.facebook.com/profile.php?id=100027696451926&,Đoàn trường THPT A Lưới 
https://www.facebook.com/mailinh.hothi.73?,Đoàn trường THPT A Lưới 
https://www.facebook.com/tue.vienxuantue?,Đoàn trường THPT A Lưới 
https://www.facebook.com/chau.tongochoang?,Đoàn trường THPT A Lưới 
https://www.facebook.com/profile.php?id=100080278014684&,Đoàn trường THPT A Lưới 
https://www.facebook.com/profile.php?id=100053874216270&,Đoàn trường THPT A Lưới 
https://www.facebook.com/ly.khanh.319247?,Đoàn trường THPT A Lưới 
https://www.facebook.com/long.levannguyen?,Đoàn trường THPT A Lưới 
https://www.facebook.com/khanhvy.phan?,Đoàn trường THPT A Lưới 
https://www.facebook.com/nguyenkhac.quang.39?,Đoàn trường THPT A Lưới 
https://www.facebook.com/profile.php?id=100075203839828&,Đoàn trường THPT A Lưới 
https://www.facebook.com/nhuu.senn?,Đoàn trường THPT A Lưới 
https://www.facebook.com/profile.php?id=100045876282527&,Đoàn trường THPT A Lưới 
https://www.facebook.com/linh.tuyet.140?,Đoàn trường THPT A Lưới 
https://www.facebook.com/Thtrinh17.9?,Đoàn trường THPT A Lưới 
https://www.facebook.com/Ngoctoan.Photo?,Đoàn trường THPT A Lưới 
https://www.facebook.com/hothidiuhuong28042006?,Đoàn trường THPT A Lưới 
https://www.facebook.com/sonthuythoi?,Đoàn trường THPT A Lưới 
https://www.facebook.com/hoang.son.5686?,Đoàn trường THPT A Lưới 
https://www.facebook.com/gucci.tai.395?,Đoàn trường THPT A Lưới 
https://www.facebook.com/profile.php?id=100075398155932&,Đoàn trường THPT A Lưới 
https://www.facebook.com/khanhhoa.truong.33?,Đoàn trường THPT A Lưới 
https://www.facebook.com/profile.php?id=61551058735965&,Đoàn trường THPT A Lưới 
https://www.facebook.com/profile.php?id=100082083192925&,Đoàn trường THPT A Lưới 
https://www.facebook.com/ngocbinh24?,Đoàn trường THPT A Lưới 
https://www.facebook.com/sangson.1234?,Đoàn trường THPT A Lưới 
https://www.facebook.com/profile.php?id=100012620177770&,Đoàn trường THPT A Lưới 
https://www.facebook.com/ahot.arieng?,Đoàn trường THPT A Lưới 
https://www.facebook.com/groups/1986195691670003/user/100029571753781/?,CLB Sáng tạo trẻ - Trường THPT A Lưới
https://www.facebook.com/groups/1986195691670003/user/100082241573219/?,CLB Sáng tạo trẻ - Trường THPT A Lưới
https://www.facebook.com/groups/1986195691670003/user/100008105701061/?,CLB Sáng tạo trẻ - Trường THPT A Lưới
https://www.facebook.com/groups/1986195691670003/user/100054303011137/?,CLB Sáng tạo trẻ - Trường THPT A Lưới
https://www.facebook.com/groups/1986195691670003/user/100064303384810/?,CLB Sáng tạo trẻ - Trường THPT A Lưới
https://www.facebook.com/groups/1986195691670003/user/100015799114800/?,CLB Sáng tạo trẻ - Trường THPT A Lưới
https://www.facebook.com/groups/1986195691670003/user/100045186974017/?,CLB Sáng tạo trẻ - Trường THPT A Lưới
https://www.facebook.com/groups/1986195691670003/user/100007475314678/?,CLB Sáng tạo trẻ - Trường THPT A Lưới
https://www.facebook.com/groups/1986195691670003/user/100004145105987/?,CLB Sáng tạo trẻ - Trường THPT A Lưới
https://www.facebook.com/groups/1986195691670003/user/100025106418593/?,CLB Sáng tạo trẻ - Trường THPT A Lưới
https://www.facebook.com/groups/1986195691670003/user/100031024537497/?,CLB Sáng tạo trẻ - Trường THPT A Lưới
https://www.facebook.com/groups/1986195691670003/user/100003212718973/?,CLB Sáng tạo trẻ - Trường THPT A Lưới
https://www.facebook.com/groups/1986195691670003/user/100001305826908/?,CLB Sáng tạo trẻ - Trường THPT A Lưới
https://www.facebook.com/groups/1986195691670003/user/100048638615620/?,CLB Sáng tạo trẻ - Trường THPT A Lưới
https://www.facebook.com/groups/1986195691670003/user/100041413941748/?,CLB Sáng tạo trẻ - Trường THPT A Lưới
https://www.facebook.com/groups/1986195691670003/user/100079878182785/?,CLB Sáng tạo trẻ - Trường THPT A Lưới
https://www.facebook.com/groups/1986195691670003/user/100048943531301/?,CLB Sáng tạo trẻ - Trường THPT A Lưới
https://www.facebook.com/groups/1986195691670003/user/100008105701061/?,CLB Sáng tạo trẻ - Trường THPT A Lưới
https://www.facebook.com/groups/1986195691670003/user/100015733534289/?,CLB Sáng tạo trẻ - Trường THPT A Lưới
https://www.facebook.com/groups/1986195691670003/user/100003978161755/?,CLB Sáng tạo trẻ - Trường THPT A Lưới
https://www.facebook.com/groups/1986195691670003/user/100003212718973/?,CLB Sáng tạo trẻ - Trường THPT A Lưới
https://www.facebook.com/groups/1986195691670003/user/100025106418593/?,CLB Sáng tạo trẻ - Trường THPT A Lưới
https://www.facebook.com/groups/1986195691670003/user/100078942290699/?,CLB Sáng tạo trẻ - Trường THPT A Lưới
https://www.facebook.com/groups/1986195691670003/user/100043776170232/?,CLB Sáng tạo trẻ - Trường THPT A Lưới
